{"ms2 1-50":3683403.1052893777,"professional 1-140":3792934.458505739,"ms 2-2":27,"ms 2-4":216,"ms 2-7":1287,"ms 2-24":105616,"ms 2-26":142875,"ms 2-48":1500616,"professional 2-3":36.764967597009544,"professional 2-4":77.28138251432858,"professional 2-5":138.90509745307796,"professional 2-6":226.7518056166068,"professional 2-7":346.1800285333181,"professional 2-8":502.76777417279084,"professional 2-9":702.2940056696787,"professional 2-10":950.7235117223987,"professional 2-11":1254.1942812280024,"professional 2-12":1619.0067809352493,"professional 2-13":2051.614716880328,"professional 2-14":2558.6169775699254,"professional 2-15":3146.750535328407,"professional 2-16":3822.884136462346,"professional 2-17":4594.012649431592,"professional 2-18":5467.251968248611,"professional 2-19":6449.834389141242,"professional 2-20":7549.104394247496,"professional 2-21":8772.514788194869,"professional 2-22":10127.623142830003,"professional 2-23":11622.08851279123,"professional 2-24":13263.668390543584,"professional 2-25":15060.215874275467,"professional 2-26":17019.677025947214,"professional 2-27":19150.088399977052,"professional 2-28":21459.574725694896,"professional 2-29":23956.346728899858,"professional 2-30":26648.69907970899,"professional 2-31":29545.008455449086,"professional 2-32":32653.731708672778,"professional 2-33":35983.404131516094,"professional 2-34":39542.63780859027,"professional 2-35":43340.12005144251,"professional 2-36":47384.61190835029,"professional 2-37":51684.94674384906,"professional 2-38":56250.02888294854,"professional 2-39":61088.83231548009,"professional 2-40":66210.39945644629,"professional 2-41":71623.8399586231,"professional 2-42":77338.3295740005,"professional 2-43":83363.10906094614,"professional 2-44":89707.48313424263,"professional 2-45":96380.8194553869,"professional 2-46":103392.54766075336,"professional 2-47":110752.15842541419,"professional 2-48":118469.2025605824,"professional 2-49":126553.29014279936,"professional 2-50":135014.0896731293,"professional 2-51":143861.32726475078,"ms2 2-3":118.08324165908422,"ms2 2-4":290.54944934173614,"ms2 2-5":599.6387708604714,"ms2 2-6":1105.828965287403,"ms2 2-7":1881.875847340727,"ms2 2-8":3013.1712707250244,"ms 2-50":1758267,"ms2 2-9":4598.064463186139,"ms2 2-10":6748.154231501238,"ms2 2-11":9588.557392907005,"ms2 2-12":13258.157395086586,"ms2 2-13":17909.83614431735,"ms2 2-14":23710.691399925094,"ms2 2-15":30842.241614446946,"ms2 2-16":39500.619743347124,"ms2 2-17":49896.75727820486,"ms2 2-18":62256.559548473146,"ms2 2-19":76821.07317268179,"ms2 2-20":93846.64640892761,"ms2 2-21":113605.0830486037,"ms2 2-22":136383.79041076466,"ms2 2-23":162485.92192304612,"ms2 2-24":192230.51471548172,"ms2 2-25":225952.62260348813,"ms2 2-26":264003.44479388004,"ms2 2-27":306750.4506116084,"ms2 2-28":354577.5005138674,"ms2 2-29":407884.9636314076,"ms2 2-30":467089.83205361647,"ms2 2-31":532625.8320536165,"ms2 2-32":604943.5324318203,"ms2 2-33":684510.4501406999,"ms2 2-34":771811.153339657,"ms2 2-35":867347.3620165691,"ms2 2-36":971638.0463016155,"Orbiter 2-1":0,"EfficientMiner 2-1":0,"SeasonedMineman 2-1":0,"ms2 2-37":1085219.522589182,"ms2 2-38":1208645.5475748454,"ms2 2-39":1342487.4103065284,"ms2 2-40":1487334.0223417738,"ms2 2-41":1643792.0060966308,"Crystallized 2-1":0,"LuckoftheCave 2-1":0,"DailyPowder 2-1":0,"MiningFortune 2-1":0,"TitaniumInsanium 2-1":0,"QuickForge 2-1":0,"MiningSpeed 2-1":0,"MiningFortuneII 2-1":0,"GreatExplorer 2-1":0,"Mole 2-1":0,"Professional 2-1":0,"PowderBuff 2-1":0,"LonesomeMiner 2-1":0,"MiningSpeedII 2-1":0,"undefined 2-1":8.282119390731019}